id,list_price,list_price_2,selling_price,quantity,bonus_coefficient,discount_coefficient,minimum_quantity,maximum_quantity,stock_available,timestamp,offer_id,product_id,suboffer_id
1,1000.00,0.00,0.00,0,1.00,1.00,1,70,999,2024-02-11 14:16:01.707892+00,1,113,1
2,2000.00,0.00,0.00,0,1.00,1.00,1,70,999,2024-02-11 14:16:01.714895+00,1,114,1
3,2000.00,0.00,0.00,0,1.00,1.00,3,80,2997,2024-02-11 14:16:01.725878+00,1,114,2
526,11448.00,0.00,0.00,0,0.00,0.00,0,99999999,1000,2025-06-23 14:48:16.588133+00,90,593,151
206,3427.00,0.00,0.00,0,1.00,1.00,0,1000,10000,2024-08-09 19:32:07.936953+00,32,423,41
9,5303.00,0.00,0.00,0,1.00,1.00,0,100000000,10000000,2024-05-28 20:29:47.914833+00,3,72,5
207,3808.00,0.00,0.00,0,1.00,1.00,0,1000,10000,2024-08-09 19:32:07.942226+00,32,422,41
208,4283.00,0.00,0.00,0,1.00,1.00,0,1000,10000,2024-08-09 19:32:07.946439+00,32,425,41
209,5140.00,0.00,0.00,0,1.00,1.00,0,1000,10000,2024-08-09 19:32:07.950545+00,32,426,41
10,5950.00,0.00,0.00,0,1.00,1.00,0,100000000,10000000,2024-05-28 20:29:47.919104+00,3,71,5
11,7999.00,0.00,0.00,0,1.00,1.00,0,100000000,10000000,2024-05-28 20:29:47.922551+00,3,73,5
12,4443.00,0.00,0.00,0,1.00,1.00,0,100000000,10000000,2024-05-28 20:29:47.926214+00,3,70,5
13,9972.00,0.00,0.00,0,1.00,1.00,0,100000000,10000000,2024-05-28 20:29:47.929417+00,3,74,5
14,4184.00,0.00,0.00,0,1.00,1.00,0,1000000000,100000,2024-05-28 20:31:15.243685+00,3,76,6
15,4605.00,0.00,0.00,0,1.00,1.00,0,1000000000,100000,2024-05-28 20:31:15.248904+00,3,79,6
60,51808.00,0.00,0.00,0,1.00,1.00,0,1000,9997,2024-11-05 14:55:57.394548+00,17,78,21
80,13111.60,0.00,0.00,0,1.00,1.00,0,200,971,2024-09-10 22:57:43.069177+00,22,555,27
70,10647.90,0.00,0.00,0,1.00,1.00,0,1000,995,2024-09-09 11:50:18.90111+00,20,345,24
22,10084.00,0.00,0.00,0,1.00,1.00,0,0,100000,2024-05-29 15:48:54.918183+00,4,69,7
20,6923.00,0.00,0.00,0,1.00,1.00,0,0,100000,2024-05-29 15:48:54.926205+00,4,68,7
18,5466.00,0.00,0.00,0,1.00,1.00,0,0,100000,2024-05-29 15:48:54.932382+00,4,67,7
16,4324.00,0.00,0.00,0,1.00,1.00,0,0,100000,2024-05-29 15:48:54.937804+00,4,66,7
23,26411.00,0.00,0.00,0,1.00,1.00,0,9999999,100009,2024-05-29 15:57:13.700137+00,4,75,8
24,32879.00,0.00,0.00,0,1.00,1.00,0,9999999,100009,2024-05-29 15:57:13.706464+00,4,77,8
25,44009.00,0.00,0.00,0,1.00,1.00,0,9999999,100009,2024-05-29 15:57:13.712174+00,4,78,8
27,21932.50,0.00,0.00,0,1.00,1.00,0,200,10000,2024-07-15 16:32:23.261368+00,5,167,9
26,16735.90,0.00,0.00,0,1.00,1.00,0,200,10000,2024-07-15 16:32:23.265085+00,5,168,9
28,18805.00,0.00,0.00,0,1.00,1.00,0,200,10000,2024-07-15 16:36:22.33695+00,6,170,10
29,27659.60,0.00,0.00,0,1.00,1.00,0,200,10000,2024-07-15 16:39:04.442464+00,7,117,11
30,29158.90,0.00,0.00,0,1.00,1.00,0,200,10000,2024-07-15 16:39:04.452302+00,7,118,11
31,40843.10,0.00,0.00,0,1.00,1.00,0,200,10000,2024-07-15 16:39:04.46153+00,7,119,11
32,48929.00,0.00,0.00,0,1.00,1.00,0,200,10000,2024-07-15 16:39:04.469345+00,7,120,11
33,59372.40,0.00,0.00,0,1.00,1.00,0,200,10000,2024-07-15 16:39:04.477204+00,7,121,11
34,4005.96,0.00,0.00,0,1.00,1.00,0,200,10000,2024-07-15 16:45:10.660916+00,8,188,12
35,4882.82,0.00,0.00,0,1.00,1.00,0,200,10000,2024-07-15 16:45:10.666452+00,8,191,12
36,4353.86,0.00,0.00,0,1.00,1.00,0,200,10000,2024-07-15 16:45:10.671591+00,8,189,12
37,6591.82,0.00,0.00,0,1.00,1.00,0,200,10000,2024-07-15 16:45:10.676176+00,8,192,12
38,8273.55,0.00,0.00,0,1.00,1.00,0,200,10000,2024-07-15 16:45:10.680975+00,8,193,12
40,22570.00,0.00,0.00,0,1.00,1.00,0,200,1000,2024-07-15 16:55:57.750149+00,10,450,14
41,23185.00,0.00,0.00,0,1.00,1.00,0,200,10000,2024-07-15 17:01:03.604507+00,11,488,15
42,20225.00,0.00,0.00,0,1.00,1.00,0,200,10000,2024-07-15 17:01:03.611271+00,11,487,15
44,1937.00,0.00,0.00,0,1.00,1.00,0,200,10000,2024-07-15 17:05:43.583742+00,13,429,17
45,2466.00,0.00,0.00,0,1.00,1.00,0,200,10000,2024-07-15 17:05:43.589077+00,13,434,17
63,4926.00,0.00,0.00,0,1.00,1.00,0,1000,860,2024-11-12 13:48:22.928123+00,19,76,23
67,9417.00,0.00,0.00,0,1.00,1.00,0,1000,1000,2024-11-05 18:11:12.94091+00,19,73,23
65,6242.00,0.00,0.00,0,1.00,1.00,0,1000,905,2024-11-12 13:48:22.935539+00,19,72,23
81,15359.30,0.00,0.00,0,1.00,1.00,0,200,973,2024-09-10 22:57:43.075666+00,22,552,27
77,9178.13,0.00,0.00,0,1.00,1.00,0,200,998,2024-09-05 18:55:05.106882+00,22,551,27
82,17981.70,0.00,0.00,0,1.00,1.00,0,200,993,2024-09-10 22:57:43.080808+00,22,553,27
72,11000.00,0.00,0.00,0,1.00,1.00,0,1000,9975,2024-09-06 15:37:23.67416+00,21,339,26
73,12500.00,0.00,0.00,0,1.00,1.00,0,1000,9995,2024-09-06 15:37:23.680276+00,21,338,26
74,13500.00,0.00,0.00,0,1.00,1.00,0,1000,9995,2024-09-06 15:37:23.684429+00,21,340,26
75,17000.00,0.00,0.00,0,1.00,1.00,0,1000,9997,2024-09-06 15:37:23.688578+00,21,341,26
370,25838.00,0.00,0.00,0,1.00,1.00,0,99999999,999999,2025-02-05 13:47:31.338554+00,59,440,106
267,8601.42,0.00,0.00,0,1.00,1.00,0,99999999,9724,2024-12-07 15:51:14.971642+00,48,566,62
61,22570.00,0.00,0.00,0,1.00,1.00,0,100,1000,2024-07-17 14:09:31.367677+00,18,440,22
62,22570.00,0.00,0.00,0,1.00,1.00,0,100,1000,2024-07-17 14:09:31.372968+00,18,450,22
311,6895.20,0.00,0.00,0,1.00,1.00,0,99999999,1000,2024-12-11 17:03:43.988738+00,55,619,77
43,22627.00,0.00,0.00,0,1.00,1.00,0,1000,10000,2024-07-23 21:24:23.002087+00,12,467,16
78,9927.37,0.00,0.00,0,1.00,1.00,0,200,991,2024-09-09 14:44:04.742126+00,22,548,27
54,5090.00,0.00,0.00,0,1.00,1.00,0,1000,9940,2024-11-04 16:05:56.848853+00,16,66,20
55,6434.00,0.00,0.00,0,1.00,1.00,0,1000,9998,2024-11-04 16:05:56.855093+00,16,67,20
71,14228.60,0.00,0.00,0,1.00,1.00,0,1000,1000,2024-07-17 19:44:36.518734+00,20,336,25
39,38923.00,0.00,0.00,0,1.00,1.00,2,1000,1000,2024-07-23 21:45:06.973842+00,9,399,13
56,8150.00,0.00,0.00,0,1.00,1.00,0,1000,9998,2024-11-04 16:05:56.858611+00,16,68,20
57,11871.00,0.00,0.00,0,1.00,1.00,0,1000,9998,2024-11-04 16:05:56.861833+00,16,69,20
59,38705.00,0.00,0.00,0,1.00,1.00,0,1000,9996,2024-11-05 14:55:57.389589+00,17,77,21
69,11739.00,0.00,0.00,0,1.00,1.00,0,1000,1000,2024-11-05 18:11:12.94975+00,19,74,23
64,5421.00,0.00,0.00,0,1.00,1.00,0,1000,865,2024-11-07 20:50:09.897734+00,19,79,23
426,25903.00,0.00,0.00,0,1.00,1.00,0,99999999,1000,2025-03-06 15:31:55.572231+00,70,588,121
87,4485.30,0.00,0.00,0,1.00,1.00,0,1000,10000,2024-07-17 19:47:08.836085+00,20,301,25
214,7382.84,0.00,0.00,0,1.00,1.00,0,1000,10000,2024-09-05 17:56:19.359552+00,33,192,43
115,14430.00,0.00,0.00,0,1.00,1.00,0,1000,9999,2024-08-08 19:14:02.24276+00,26,438,35
215,9266.38,0.00,0.00,0,1.00,1.00,0,1000,10000,2024-09-05 17:56:19.364402+00,33,193,43
117,53234.00,0.00,0.00,0,1.00,1.00,0,1000,10000,2024-08-05 21:22:21.996152+00,27,445,36
46,22627.00,0.00,0.00,0,1.00,1.00,1,1000,9993,2024-09-09 18:41:10.139512+00,14,588,18
472,12135.00,0.00,0.00,0,0.00,0.00,0,99999999,99999999,2025-04-28 18:43:26.595521+00,77,593,137
301,13096.20,0.00,0.00,0,1.00,1.00,0,99999999,9992,2024-12-17 16:01:37.29833+00,52,350,71
280,10542.00,0.00,0.00,0,1.00,1.00,0,99999999,9964,2024-11-23 21:31:55.487746+00,50,62,67
97,25691.20,0.00,0.00,0,1.00,1.00,0,1000,10000,2024-07-23 23:18:04.333959+00,24,547,30
98,51543.10,0.00,0.00,0,1.00,1.00,0,1000,10000,2024-07-23 23:19:48.676083+00,24,556,31
99,85905.30,0.00,0.00,0,1.00,1.00,0,1000,10000,2024-07-23 23:19:48.679729+00,24,557,31
4,13813.50,0.00,0.00,0,1.00,1.00,4,80,731,2024-08-21 20:42:55.556231+00,2,124,3
106,8359.46,0.00,0.00,0,1.00,1.00,0,1000,9980,2024-09-12 22:40:08.723848+00,25,131,33
90,9927.37,0.00,0.00,0,1.00,1.00,0,1000,10000,2024-07-23 23:21:12.147703+00,24,548,29
217,10096.00,0.00,0.00,0,1.00,1.00,0,10000,10000,2024-09-11 13:20:43.848426+00,35,551,45
218,10920.10,0.00,0.00,0,1.00,1.00,0,10000,10000,2024-09-11 13:20:43.856175+00,35,548,45
219,11126.20,0.00,0.00,0,1.00,1.00,0,10000,10000,2024-09-11 13:20:43.863181+00,35,550,45
94,17981.70,0.00,0.00,0,1.00,1.00,0,1000,10000,2024-07-23 23:21:46.592065+00,24,553,29
103,48929.00,0.00,0.00,0,1.00,1.00,0,1000,10000,2024-07-24 00:05:27.194273+00,25,120,32
104,59372.40,0.00,0.00,0,1.00,1.00,0,1000,10000,2024-07-24 00:05:27.19784+00,25,121,32
114,9266.38,0.00,0.00,0,1.00,1.00,0,1000,10000,2024-08-22 18:48:56.77218+00,25,193,34
5,16337.40,0.00,0.00,0,1.00,1.00,6,50,1128,2024-08-21 20:42:55.562739+00,2,128,3
6,18409.50,0.00,0.00,0,1.00,1.00,0,100,1859,2024-08-21 20:42:55.601738+00,2,168,4
7,24125.70,0.00,0.00,0,1.00,1.00,1,120,2919,2024-08-21 20:42:55.606412+00,2,167,4
210,8091.00,0.00,0.00,0,1.00,1.00,0,1000,10000,2024-08-09 19:32:07.954474+00,32,427,41
119,23426.00,0.00,0.00,0,1.00,1.00,0,1000,10000,2024-08-05 19:57:52.165165+00,29,431,38
120,3124.00,0.00,0.00,0,1.00,1.00,0,1000,10000,2024-08-05 19:57:52.170104+00,29,432,38
76,19000.00,0.00,0.00,0,1.00,1.00,0,1000,9598,2024-09-06 15:37:23.693339+00,21,342,26
100,29042.50,0.00,0.00,0,1.00,1.00,0,1000,9989,2024-08-22 18:48:56.631774+00,25,117,32
123,3364.00,0.00,0.00,0,1.00,1.00,0,1000,10000,2024-08-06 11:35:40.876804+00,28,590,37
124,4400.00,0.00,0.00,0,1.00,1.00,0,1000,10000,2024-08-06 11:35:40.882474+00,28,496,37
125,6470.00,0.00,0.00,0,1.00,1.00,0,1000,10000,2024-08-06 11:35:40.887237+00,28,591,37
101,30616.80,0.00,0.00,0,1.00,1.00,0,1000,10000,2024-08-22 18:48:56.638479+00,25,118,32
102,42885.30,0.00,0.00,0,1.00,1.00,0,1000,10000,2024-08-22 18:48:56.643911+00,25,119,32
83,12839.90,0.00,0.00,0,1.00,1.00,0,100,954,2024-08-13 23:40:00.825841+00,23,546,28
85,25691.20,0.00,0.00,0,1.00,1.00,0,100,956,2024-08-14 21:35:49.906151+00,23,547,28
237,10983.70,0.00,0.00,0,1.00,1.00,0,99999999,983,2024-11-19 21:13:31.031377+00,43,328,52
113,7382.84,0.00,0.00,0,1.00,1.00,0,1000,9995,2024-09-03 22:24:43.231984+00,25,192,34
58,31091.00,0.00,0.00,0,1.00,1.00,0,1000,9999,2024-11-05 14:55:57.384429+00,17,75,21
111,5468.76,0.00,0.00,0,1.00,1.00,0,1000,9998,2024-09-03 22:24:43.243764+00,25,191,34
108,12946.00,0.00,0.00,0,1.00,1.00,0,1000,9991,2024-08-22 18:48:56.71088+00,25,123,33
109,15192.70,0.00,0.00,0,1.00,1.00,0,1000,10000,2024-08-22 18:48:56.715931+00,25,125,33
68,5230.00,0.00,0.00,0,1.00,1.00,0,1000,970,2024-11-07 20:50:09.882777+00,19,70,23
211,4486.68,0.00,0.00,0,1.00,1.00,0,1000,10000,2024-09-05 17:56:19.345138+00,33,188,43
212,4876.32,0.00,0.00,0,1.00,1.00,0,1000,10000,2024-09-05 17:56:19.350842+00,33,189,43
213,5468.76,0.00,0.00,0,1.00,1.00,0,1000,10000,2024-09-05 17:56:19.355329+00,33,191,43
84,17574.00,0.00,0.00,0,1.00,1.00,0,100,983,2024-09-10 15:40:33.015722+00,23,549,28
216,11900.00,0.00,0.00,0,1.00,1.00,2,1000,1000,2024-09-08 22:13:00.262401+00,34,592,44
86,7979.72,0.00,0.00,0,1.00,1.00,0,1000,9990,2024-09-09 11:50:18.923899+00,20,331,25
227,4486.68,0.00,0.00,0,1.00,1.00,0,99999999,10000,2024-09-10 22:09:23.952254+00,39,188,49
79,10114.70,0.00,0.00,0,1.00,1.00,0,200,971,2024-09-10 19:42:40.137364+00,22,550,27
228,4876.32,0.00,0.00,0,1.00,1.00,0,99999999,10000,2024-09-10 22:09:23.95963+00,39,189,49
220,14422.80,0.00,0.00,0,1.00,1.00,0,10000,10000,2024-09-11 13:20:43.869868+00,35,555,45
221,16895.30,0.00,0.00,0,1.00,1.00,0,10000,10000,2024-09-11 13:20:43.877612+00,35,552,45
222,19779.80,0.00,0.00,0,1.00,1.00,0,10000,10000,2024-09-11 13:20:43.885271+00,35,553,45
224,9532.64,0.00,0.00,0,1.00,1.00,0,99999999,10000,2024-09-11 13:26:39.200165+00,37,571,47
223,8601.42,0.00,0.00,0,1.00,1.00,0,99999999,10000,2024-09-11 13:31:35.362155+00,36,566,46
225,6613.67,0.00,0.00,0,1.00,1.00,0,99999999,10000,2024-09-11 13:32:06.160066+00,38,568,48
226,8444.43,0.00,0.00,0,1.00,1.00,0,99999999,10000,2024-09-11 13:32:06.167676+00,38,569,48
116,14430.00,0.00,0.00,0,1.00,1.00,0,1000,9999,2024-09-11 15:44:59.085378+00,26,437,35
88,22627.00,0.00,0.00,0,1.00,1.00,0,1000,9999,2024-09-11 20:57:44.330302+00,12,470,16
89,9178.13,0.00,0.00,0,1.00,1.00,0,1000,9999,2024-09-12 16:07:26.404592+00,24,551,29
96,17574.00,0.00,0.00,0,1.00,1.00,0,1000,9994,2024-09-12 16:07:26.431031+00,24,549,30
95,12839.90,0.00,0.00,0,1.00,1.00,0,1000,9998,2024-09-12 16:07:26.434968+00,24,546,30
107,10337.90,0.00,0.00,0,1.00,1.00,0,1000,9993,2024-09-12 22:40:08.733425+00,25,132,33
105,9329.14,0.00,0.00,0,1.00,1.00,0,1000,9924,2024-09-12 22:40:08.741429+00,25,129,33
66,7004.00,0.00,0.00,0,1.00,1.00,0,1000,945,2024-11-07 20:50:09.88879+00,19,71,23
229,5468.76,0.00,0.00,0,1.00,1.00,0,99999999,10000,2024-09-10 22:09:23.965594+00,39,191,49
230,7382.84,0.00,0.00,0,1.00,1.00,0,99999999,10000,2024-09-10 22:09:23.971824+00,39,192,49
231,9266.38,0.00,0.00,0,1.00,1.00,0,99999999,10000,2024-09-10 22:09:23.977597+00,39,193,49
232,12839.90,0.00,0.00,0,1.00,1.00,0,99999999,10000,2024-09-11 14:13:36.325308+00,40,546,50
233,17574.00,0.00,0.00,0,1.00,1.00,0,99999999,10000,2024-09-11 14:13:36.332651+00,40,549,50
234,25691.20,0.00,0.00,0,1.00,1.00,0,99999999,10000,2024-09-11 14:13:36.339327+00,40,547,50
91,10114.70,0.00,0.00,0,1.00,1.00,0,1000,9990,2024-09-12 16:07:26.409998+00,24,550,29
92,13111.60,0.00,0.00,0,1.00,1.00,0,1000,9984,2024-09-12 16:07:26.413816+00,24,555,29
93,15359.30,0.00,0.00,0,1.00,1.00,0,1000,9988,2024-09-12 16:07:26.41665+00,24,552,29
110,4486.68,0.00,0.00,0,1.00,1.00,0,1000,9994,2024-09-12 22:40:08.764892+00,25,188,34
112,4876.32,0.00,0.00,0,1.00,1.00,0,1000,9987,2024-09-12 22:40:08.771178+00,25,189,34
306,6895.20,0.00,0.00,0,1.00,1.00,0,99999999,10000,2024-12-02 13:33:16.720744+00,55,619,75
251,6006.61,0.00,0.00,0,1.00,1.00,0,99999999,939,2025-01-14 16:39:59.415655+00,45,135,56
258,6430.00,0.00,0.00,0,1.00,1.00,0,99999999,9970,2025-07-14 21:03:57.021188+00,47,9,59
249,7759.09,0.00,0.00,0,1.00,1.00,0,99999999,1000,2024-12-16 13:08:18.171313+00,45,183,56
312,8234.00,0.00,0.00,0,1.00,1.00,0,99999999,10000,2025-02-24 13:12:13.870274+00,55,622,78
350,25838.00,0.00,0.00,0,1.00,1.00,0,99999999,10000,2025-02-05 13:47:31.151922+00,59,450,99
252,15471.10,0.00,0.00,0,1.00,1.00,0,99999999,918,2024-12-02 17:00:43.000027+00,46,124,57
302,24969.60,0.00,0.00,0,1.00,1.00,0,99999999,9995,2024-12-17 16:01:37.315921+00,52,352,72
427,13714.00,0.00,0.00,0,1.00,1.00,0,99999999,1000,2025-03-06 15:31:55.577164+00,70,589,121
411,15225.00,0.00,0.00,0,1.00,1.00,0,99999999,99826,2025-05-28 05:00:16.802984+00,66,774,117
304,8234.00,0.00,0.00,0,1.00,1.00,0,99999999,9950,2025-02-24 15:14:08.015989+00,54,622,73
527,25920.00,0.00,0.00,0,0.00,0.00,0,99999999,1000,2025-06-23 14:48:16.594505+00,90,597,151
239,6652.99,0.00,0.00,0,1.00,1.00,0,99999999,977,2024-11-21 19:35:33.048247+00,43,296,52
244,13410.50,0.00,0.00,0,1.00,1.00,0,99999999,831,2025-01-27 15:03:40.225469+00,45,190,55
353,24375.00,0.00,0.00,0,1.00,1.00,0,99999999,10000,2024-12-19 16:10:46.383217+00,59,440,101
309,22865.20,0.00,0.00,0,1.00,1.00,0,99999999,1000,2024-12-04 16:07:59.421889+00,54,625,73
403,7528.00,0.00,0.00,0,1.00,1.00,0,99999999,968,2025-07-21 13:55:44.411193+00,65,780,116
531,1775.00,0.00,0.00,0,0.00,0.00,0,99999999,1000,2025-06-23 14:51:08.284922+00,90,428,153
253,6006.61,0.00,0.00,0,1.00,1.00,0,99999999,905,2024-12-19 22:50:10.406554+00,46,135,57
250,15471.10,0.00,0.00,0,1.00,1.00,0,99999999,992,2025-01-02 17:21:38.284284+00,45,124,56
241,14228.60,0.00,0.00,0,1.00,1.00,1,99999999,986,2024-11-26 12:56:05.792108+00,44,336,53
242,8378.71,0.00,0.00,0,1.00,1.00,0,99999999,915,2024-11-26 12:56:05.800247+00,44,331,53
365,9995.00,0.00,0.00,0,1.00,1.00,0,99999999,99451,2025-06-30 15:35:51.954601+00,61,83,104
428,13714.00,0.00,0.00,0,1.00,1.00,0,99999999,1000,2025-03-06 15:31:55.581785+00,70,471,121
243,31397.10,0.00,0.00,0,1.00,1.00,3,99999999,988,2024-11-26 12:56:05.817673+00,44,356,54
254,9200.00,0.00,0.00,0,1.00,1.00,1,99999999,950,2025-01-23 19:57:02.991889+00,46,198,58
240,11177.30,0.00,0.00,0,1.00,1.00,0,99999999,954,2024-11-22 11:24:49.741492+00,43,333,52
361,6895.20,0.00,0.00,0,1.00,1.00,0,99999999,99999999,2024-12-27 13:27:07.192584+00,54,619,103
264,18452.70,0.00,0.00,0,1.00,1.00,0,99999999,9952,2024-12-09 22:16:56.06547+00,48,549,60
288,4926.00,0.00,0.00,0,1.00,1.00,0,99999999,10000,2024-11-12 14:03:01.796767+00,51,76,68
268,15584.00,0.00,0.00,0,1.00,1.00,0,99999999,10000,2024-11-05 14:45:18.344117+00,49,438,63
270,24375.00,0.00,0.00,0,1.00,1.00,0,99999999,10000,2024-11-05 14:45:18.354723+00,49,440,63
273,24375.00,0.00,0.00,0,1.00,1.00,0,99999999,1000,2024-11-05 14:58:54.334411+00,49,450,64
274,20526.00,0.00,0.00,0,1.00,1.00,0,99999999,10000,2024-11-05 15:00:21.821781+00,49,495,65
275,12962.00,0.00,0.00,0,1.00,1.00,0,99999999,10000,2024-11-05 15:00:21.826384+00,49,521,65
289,5421.00,0.00,0.00,0,1.00,1.00,0,99999999,10000,2024-11-12 14:03:01.803503+00,51,79,68
290,6242.00,0.00,0.00,0,1.00,1.00,0,99999999,10000,2024-11-12 14:03:01.809728+00,51,72,68
291,7004.00,0.00,0.00,0,1.00,1.00,0,99999999,10000,2024-11-12 14:03:01.816391+00,51,71,68
283,12937.00,0.00,0.00,0,1.00,1.00,0,99999999,1000,2024-11-06 14:22:32.137083+00,49,589,63
284,12937.00,0.00,0.00,0,1.00,1.00,0,99999999,1000,2024-11-06 14:24:26.768848+00,49,469,64
285,12937.00,0.00,0.00,0,1.00,1.00,0,99999999,1000,2024-11-06 14:24:26.776768+00,49,471,64
292,9417.00,0.00,0.00,0,1.00,1.00,0,99999999,10000,2024-11-12 14:03:01.822089+00,51,73,68
293,5230.00,0.00,0.00,0,1.00,1.00,0,99999999,10000,2024-11-12 14:03:01.827711+00,51,70,68
294,11739.00,0.00,0.00,0,1.00,1.00,0,99999999,10000,2024-11-12 14:03:01.83452+00,51,74,68
313,22865.20,0.00,0.00,0,1.00,1.00,0,99999999,10000,2024-12-11 17:11:09.596572+00,55,625,78
265,26975.70,0.00,0.00,0,1.00,1.00,0,99999999,9788,2024-12-11 20:19:17.160658+00,48,547,60
298,5750.52,0.00,0.00,0,1.00,1.00,0,99999999,966,2024-12-13 22:51:39.118378+00,52,315,69
235,14228.60,0.00,0.00,0,1.00,1.00,0,99999999,984,2024-11-20 12:04:04.274623+00,43,336,52
238,13096.20,0.00,0.00,0,1.00,1.00,0,99999999,971,2024-11-20 12:04:04.288481+00,43,350,52
269,15584.00,0.00,0.00,0,1.00,1.00,0,99999999,10000,2024-11-20 13:40:48.211801+00,49,437,63
272,24437.00,0.00,0.00,0,1.00,1.00,0,99999999,1000,2024-11-20 13:41:14.277045+00,49,470,64
276,31091.00,0.00,0.00,0,1.00,1.00,1,99999999,9994,2024-11-23 21:31:55.464299+00,50,75,66
277,38705.00,0.00,0.00,0,1.00,1.00,1,99999999,9990,2024-11-23 21:31:55.469313+00,50,77,66
278,51808.00,0.00,0.00,0,1.00,1.00,1,99999999,9993,2024-11-23 21:31:55.472393+00,50,78,66
307,7485.40,0.00,0.00,0,1.00,1.00,0,99999999,10000,2024-11-29 15:46:03.15444+00,55,622,75
279,5798.00,0.00,0.00,0,1.00,1.00,0,99999999,9990,2024-11-23 21:31:55.484687+00,50,63,67
282,24437.00,0.00,0.00,0,1.00,1.00,0,99999999,1000,2024-11-12 15:28:14.813581+00,49,588,63
271,24437.00,0.00,0.00,0,1.00,1.00,0,99999999,1000,2024-11-12 15:28:34.476416+00,49,467,64
236,5293.02,0.00,0.00,0,1.00,1.00,0,99999999,991,2024-11-19 21:13:31.038194+00,43,335,52
281,18973.00,0.00,0.00,0,1.00,1.00,0,99999999,9978,2024-11-23 21:31:55.490461+00,50,65,67
393,10340.40,0.00,0.00,0,1.00,1.00,0,99999999,9999,2025-03-25 14:11:30.101659+00,62,309,115
371,11550.00,0.00,0.00,0,1.00,1.00,0,99999999,9990,2025-02-09 15:53:36.487523+00,62,339,107
286,9341.05,0.00,0.00,0,1.00,1.00,0,99999999,968,2024-12-02 17:00:43.018612+00,46,137,57
245,6770.86,0.00,0.00,0,1.00,1.00,0,99999999,893,2025-01-27 15:03:40.231481+00,45,163,55
429,25838.00,0.00,0.00,0,1.00,1.00,0,99999999,1000,2025-03-06 15:39:30.746549+00,70,440,122
319,4182.67,0.00,0.00,0,1.00,1.00,0,99999999,9995,2024-12-14 16:18:46.41065+00,56,140,80
310,22865.20,0.00,0.00,0,1.00,1.00,0,99999999,1000,2024-12-04 16:08:51.253728+00,55,625,75
318,10193.00,0.00,0.00,0,1.00,1.00,0,99999999,9987,2024-12-30 15:55:44.119524+00,56,193,79
420,25903.00,0.00,0.00,0,1.00,1.00,0,99999999,1000,2025-02-27 15:14:13.182204+00,59,588,99
421,13714.00,0.00,0.00,0,1.00,1.00,0,99999999,1000,2025-02-27 15:14:13.189433+00,59,589,99
437,2709.66,0.00,0.00,0,1.00,1.00,45,99999999,1000,2025-03-10 13:10:04.018506+00,71,609,124
326,30256.00,0.00,0.00,0,1.00,1.00,0,99999999,9999,2025-03-13 15:47:58.723085+00,57,54,84
316,6015.64,0.00,0.00,0,1.00,1.00,0,99999999,9890,2024-12-30 19:19:14.467092+00,56,191,79
317,8121.12,0.00,0.00,0,1.00,1.00,0,99999999,9919,2024-12-30 19:19:14.473074+00,56,192,79
308,2709.66,0.00,0.00,0,1.00,1.00,0,99999999,10000,2024-11-29 15:47:52.360163+00,55,609,76
263,13481.90,0.00,0.00,0,1.00,1.00,0,99999999,9949,2024-12-09 22:16:56.057232+00,48,546,60
314,4935.35,0.00,0.00,0,1.00,1.00,0,99999999,9959,2024-12-30 22:01:54.94442+00,56,188,79
315,5363.95,0.00,0.00,0,1.00,1.00,0,99999999,9825,2024-12-30 22:01:54.950148+00,56,189,79
328,28814.00,0.00,0.00,0,1.00,1.00,0,99999999,999,2025-03-13 15:47:58.728609+00,57,57,84
407,8720.00,0.00,0.00,0,1.00,1.00,0,99999999,970,2025-07-21 13:55:44.428517+00,65,777,116
368,71445.00,0.00,0.00,0,1.00,1.00,0,99999999,9987,2025-05-26 16:09:58.268788+00,61,6,105
528,12096.00,0.00,0.00,0,0.00,0.00,0,99999999,1000,2025-06-23 14:49:27.383936+00,90,594,152
475,0.00,0.00,0.00,0,0.00,0.00,0,99999999,99999999,2025-05-13 16:09:22.476825+00,80,773,139
247,8465.56,0.00,0.00,0,1.00,1.00,0,99999999,877,2025-01-14 16:39:59.421318+00,45,136,56
476,0.00,0.00,0.00,0,0.00,0.00,0,99999999,99999999,2025-05-13 16:09:22.480159+00,80,770,139
412,16170.00,0.00,0.00,0,1.00,1.00,0,99999999,99530,2025-05-28 05:00:16.812153+00,66,773,117
305,2709.66,0.00,0.00,0,1.00,1.00,0,99999999,9800,2024-12-26 15:03:03.747692+00,54,609,74
266,8866.66,0.00,0.00,0,1.00,1.00,0,99999999,9335,2024-12-11 20:19:17.187811+00,48,569,61
261,17559.00,0.00,0.00,0,1.00,1.00,0,99999999,9992,2025-05-05 13:03:33.148353+00,47,49,59
327,7405.00,0.00,0.00,0,1.00,1.00,0,99999999,9918,2025-03-13 15:47:58.75355+00,57,48,85
346,25903.00,0.00,0.00,0,1.00,1.00,0,99999999,10000,2025-02-05 13:47:31.101404+00,59,470,99
347,25903.00,0.00,0.00,0,1.00,1.00,0,99999999,10000,2025-02-05 13:47:31.119402+00,59,467,99
349,13714.00,0.00,0.00,0,1.00,1.00,0,99999999,10000,2025-02-05 13:47:31.128058+00,59,471,99
351,16520.00,0.00,0.00,0,1.00,1.00,0,99999999,10000,2025-02-05 13:47:31.265182+00,59,437,100
352,16520.00,0.00,0.00,0,1.00,1.00,0,99999999,10000,2025-02-05 13:47:31.284918+00,59,438,100
248,11502.40,0.00,0.00,0,1.00,1.00,0,99999999,895,2025-01-03 18:42:58.824345+00,45,139,56
295,12650.00,0.00,0.00,0,1.00,1.00,1,99999999,922,2025-01-23 19:57:03.00004+00,46,199,58
329,6340.00,0.00,0.00,0,1.00,1.00,0,99999999,981,2025-03-13 15:47:58.777947+00,57,52,86
369,7450.00,0.00,0.00,0,1.00,1.00,0,99999999,9795,2025-06-06 14:40:33.925178+00,61,8,105
320,6836.89,0.00,0.00,0,1.00,1.00,0,99999999,10000,2024-12-13 15:01:37.971547+00,56,144,80
296,19550.00,0.00,0.00,0,1.00,1.00,1,99999999,833,2025-01-23 19:57:03.005844+00,46,197,58
322,37171.50,0.00,0.00,0,1.00,1.00,0,99999999,10000,2024-12-13 15:02:30.655762+00,56,178,81
323,26538.30,0.00,0.00,0,1.00,1.00,0,99999999,10000,2024-12-13 15:04:31.097878+00,56,167,82
474,0.00,0.00,0.00,0,0.00,0.00,0,99999999,99999974,2025-06-13 18:08:39.422298+00,80,774,139
338,14914.90,0.00,0.00,0,1.00,1.00,0,99999999,9853,2025-05-02 15:34:12.627097+00,58,546,93
330,6493.00,0.00,0.00,0,1.00,1.00,0,99999999,10000,2025-03-13 15:47:58.806511+00,57,27,87
257,11857.00,0.00,0.00,0,1.00,1.00,0,99999999,9979,2025-07-14 20:58:43.110022+00,47,668,59
332,6713.00,0.00,0.00,0,1.00,1.00,0,99999999,9995,2025-03-13 15:47:58.812473+00,57,39,87
333,5784.00,0.00,0.00,0,1.00,1.00,0,99999999,9901,2025-03-13 15:47:58.845723+00,57,2,88
287,9341.05,0.00,0.00,0,1.00,1.00,0,99999999,966,2025-01-06 02:38:29.783475+00,45,137,56
334,13711.00,0.00,0.00,0,1.00,1.00,0,99999999,9987,2025-03-13 15:47:58.882725+00,57,51,89
255,8221.00,0.00,0.00,0,1.00,1.00,0,99999999,9944,2025-07-14 21:10:34.361955+00,47,669,59
335,7182.00,0.00,0.00,0,1.00,1.00,0,99999999,10000,2025-03-13 15:47:58.918725+00,57,13,90
417,89929.70,0.00,0.00,0,1.00,1.00,0,99999999,995,2025-05-05 13:18:35.807482+00,67,784,118
336,6416.00,0.00,0.00,0,1.00,1.00,0,99999999,9991,2025-03-13 15:47:58.956397+00,57,36,91
337,9098.00,0.00,0.00,0,1.00,1.00,0,99999999,10000,2025-03-13 15:47:58.995813+00,57,38,92
345,7856.76,0.00,0.00,0,1.00,1.00,0,99999999,9511,2025-05-07 14:43:21.968459+00,58,574,98
444,9098.00,0.00,0.00,0,0.00,0.00,0,60,222,2025-03-14 18:11:55.464719+00,75,38,129
297,7044.50,0.00,0.00,0,1.00,1.00,0,99999999,973,2024-12-17 16:01:37.257557+00,52,337,69
300,10647.90,0.00,0.00,0,1.00,1.00,0,99999999,9979,2024-12-17 16:01:37.277874+00,52,345,70
473,28512.00,0.00,0.00,0,0.00,0.00,0,99999999,99999989,2025-05-08 14:08:42.916247+00,77,597,137
344,7773.71,0.00,0.00,0,1.00,1.00,0,99999999,9075,2025-05-09 20:43:15.536558+00,58,568,97
246,9776.02,0.00,0.00,0,1.00,1.00,0,99999999,965,2024-12-27 14:49:35.472874+00,45,134,56
299,8378.71,0.00,0.00,0,1.00,1.00,0,99999999,9887,2024-12-18 19:01:26.336368+00,52,331,70
321,25392.10,0.00,0.00,0,1.00,1.00,0,99999999,9998,2024-12-19 13:45:07.988575+00,56,179,81
325,23167.80,0.00,0.00,0,1.00,1.00,0,99999999,9997,2024-12-19 13:45:08.054568+00,56,170,83
324,20250.50,0.00,0.00,0,1.00,1.00,0,99999999,9988,2024-12-27 21:05:53.700744+00,56,168,82
384,6836.89,0.00,0.00,0,1.00,1.00,0,99999999,9944,2025-02-17 02:35:00.32061+00,64,144,112
404,7978.00,0.00,0.00,0,1.00,1.00,0,99999999,992,2025-05-05 13:02:51.11734+00,65,782,116
418,18316.80,0.00,0.00,0,1.00,1.00,0,99999999,897,2025-07-28 21:46:43.444784+00,68,789,119
549,14005.30,0.00,0.00,0,0.00,0.00,0,99999999,99999750,2025-07-28 22:02:28.446313+00,96,871,161
373,14175.00,0.00,0.00,0,1.00,1.00,0,99999999,9983,2025-03-25 14:11:30.06899+00,62,340,107
363,4994.00,0.00,0.00,0,1.00,1.00,0,99999999,99700,2025-06-30 15:35:51.962444+00,61,81,104
374,17850.00,0.00,0.00,0,1.00,1.00,0,99999999,9989,2025-03-25 14:11:30.073773+00,62,341,107
375,19950.00,0.00,0.00,0,1.00,1.00,0,99999999,9995,2025-03-25 14:11:30.077299+00,62,342,107
394,5859.97,0.00,0.00,0,1.00,1.00,0,99999999,9940,2025-03-25 14:11:30.090876+00,62,312,115
372,13125.00,0.00,0.00,0,1.00,1.00,0,99999999,9985,2025-03-11 18:37:21.221798+00,62,338,107
409,12118.00,0.00,0.00,0,1.00,1.00,0,99999999,996,2025-05-05 13:02:51.146881+00,65,779,116
354,12135.00,0.00,0.00,0,1.00,1.00,0,99999999,9980,2025-02-27 12:41:38.156919+00,60,593,102
388,7759.09,0.00,0.00,0,1.00,1.00,0,99999999,10000,2025-01-30 16:04:17.1278+00,64,183,113
410,13341.00,0.00,0.00,0,1.00,1.00,0,99999999,998,2025-05-05 13:02:51.153813+00,65,781,116
405,7703.00,0.00,0.00,0,1.00,1.00,0,99999999,966,2025-07-21 13:55:44.418392+00,65,776,116
484,29042.50,0.00,0.00,0,0.00,0.00,0,99999999,995,2025-07-07 18:07:24.978404+00,82,117,141
478,0.00,0.00,0.00,0,0.00,0.00,0,99999999,99999999,2025-05-13 16:09:22.48725+00,80,771,139
355,12822.00,0.00,0.00,0,1.00,1.00,0,99999999,9898,2025-02-27 12:41:38.164036+00,60,594,102
356,17973.00,0.00,0.00,0,1.00,1.00,0,99999999,9894,2025-02-27 12:41:38.170535+00,60,595,102
357,21928.00,0.00,0.00,0,1.00,1.00,0,99999999,9905,2025-02-27 12:41:38.176979+00,60,596,102
386,9776.02,0.00,0.00,0,1.00,1.00,0,99999999,9986,2025-02-17 22:42:35.012521+00,64,134,113
358,28512.00,0.00,0.00,0,1.00,1.00,0,99999999,9923,2025-02-27 12:41:38.182808+00,60,597,102
422,33476.00,0.00,0.00,0,1.00,1.00,7,99999999,10000,2025-02-27 19:05:00.613761+00,69,660,120
423,11979.00,0.00,0.00,0,1.00,1.00,7,99999999,10000,2025-02-27 19:05:00.622431+00,69,641,120
424,18373.00,0.00,0.00,0,1.00,1.00,7,99999999,10000,2025-02-27 19:05:00.631155+00,69,662,120
425,7439.00,0.00,0.00,0,1.00,1.00,7,99999999,10000,2025-02-27 19:05:00.639145+00,69,658,120
390,5767.88,0.00,0.00,0,1.00,1.00,0,99999999,9949,2025-03-25 14:11:30.094369+00,62,306,115
376,8064.54,0.00,0.00,0,1.00,1.00,0,99999999,9917,2025-07-14 15:03:10.174748+00,63,337,108
382,6770.86,0.00,0.00,0,1.00,1.00,0,99999999,9955,2025-03-01 14:21:11.324198+00,64,163,111
383,4182.67,0.00,0.00,0,1.00,1.00,0,99999999,9983,2025-02-05 14:17:10.267775+00,64,140,112
381,13410.50,0.00,0.00,0,1.00,1.00,0,99999999,9957,2025-03-01 14:21:11.329885+00,64,190,111
413,20685.00,0.00,0.00,0,1.00,1.00,0,99999999,99652,2025-05-28 05:00:16.820335+00,66,770,117
364,5887.00,0.00,0.00,0,1.00,1.00,0,99999999,99705,2025-06-06 14:40:33.906992+00,61,82,104
406,8079.00,0.00,0.00,0,1.00,1.00,0,99999999,960,2025-07-21 13:55:44.423479+00,65,775,116
430,25903.00,0.00,0.00,0,1.00,1.00,0,99999999,1000,2025-03-06 15:39:30.751406+00,70,467,122
392,8477.85,0.00,0.00,0,1.00,1.00,0,99999999,9990,2025-03-25 14:11:30.098173+00,62,307,115
431,25903.00,0.00,0.00,0,1.00,1.00,0,99999999,1000,2025-03-06 15:39:30.757037+00,70,470,122
432,13714.00,0.00,0.00,0,1.00,1.00,0,99999999,1000,2025-03-06 15:39:30.762407+00,70,469,122
391,6311.61,0.00,0.00,0,1.00,1.00,0,99999999,9973,2025-03-25 14:11:30.105232+00,62,308,115
433,25838.00,0.00,0.00,0,1.00,1.00,0,99999999,1000,2025-03-06 15:39:30.767831+00,70,450,122
434,16520.00,0.00,0.00,0,1.00,1.00,0,99999999,1000,2025-03-06 15:40:37.139833+00,70,437,123
435,16520.00,0.00,0.00,0,1.00,1.00,0,99999999,1000,2025-03-06 15:40:37.144408+00,70,438,123
477,0.00,0.00,0.00,0,0.00,0.00,0,99999999,99999964,2025-06-13 18:08:39.429876+00,80,772,139
387,11502.40,0.00,0.00,0,1.00,1.00,0,99999999,9970,2025-02-18 13:22:35.636135+00,64,139,113
385,8465.56,0.00,0.00,0,1.00,1.00,0,99999999,9966,2025-02-18 13:22:35.641754+00,64,136,113
416,53282.10,0.00,0.00,0,1.00,1.00,0,99999999,999,2025-05-05 13:18:35.799315+00,67,783,118
529,16956.00,0.00,0.00,0,0.00,0.00,0,99999999,1000,2025-06-23 14:49:27.388301+00,90,595,152
502,14213.20,0.00,0.00,0,0.00,0.00,0,99999999,977,2025-07-17 15:54:40.62441+00,85,814,144
457,25903.00,0.00,0.00,0,1.00,1.00,0,99999999,1000,2025-03-26 13:51:32.011994+00,78,588,134
458,13714.00,0.00,0.00,0,1.00,1.00,0,99999999,1000,2025-03-26 13:51:32.016895+00,78,589,134
389,5650.00,0.00,0.00,0,1.00,1.00,0,99999999,9975,2025-03-13 15:47:59.028582+00,57,26,114
548,11503.40,0.00,0.00,0,0.00,0.00,0,99999999,99999997,2025-07-25 17:56:49.576411+00,96,870,161
459,13714.00,0.00,0.00,0,1.00,1.00,0,99999999,1000,2025-03-26 13:51:32.021292+00,78,471,134
460,13714.00,0.00,0.00,0,1.00,1.00,0,99999999,1000,2025-03-26 13:51:32.026265+00,78,469,134
461,25903.00,0.00,0.00,0,1.00,1.00,0,99999999,1000,2025-03-26 13:53:48.437857+00,78,467,135
462,25903.00,0.00,0.00,0,1.00,1.00,0,99999999,1000,2025-03-26 13:53:48.445455+00,78,470,135
463,25838.00,0.00,0.00,0,1.00,1.00,0,99999999,1000,2025-03-26 13:53:48.451879+00,78,450,135
464,25838.00,0.00,0.00,0,1.00,1.00,0,99999999,1000,2025-03-26 13:53:48.457382+00,78,440,135
465,16520.00,0.00,0.00,0,1.00,1.00,0,99999999,1000,2025-03-26 13:54:35.508992+00,78,437,136
256,7309.00,0.00,0.00,0,1.00,1.00,0,99999999,9943,2025-07-26 15:56:26.21033+00,47,667,59
339,29843.00,0.00,0.00,0,1.00,1.00,0,99999999,9635,2025-05-07 14:43:21.928798+00,58,547,93
340,20414.00,0.00,0.00,0,1.00,1.00,0,99999999,9779,2025-05-07 14:43:21.933664+00,58,549,93
414,23835.00,0.00,0.00,0,1.00,1.00,0,99999999,99702,2025-05-09 12:34:10.083819+00,66,772,117
341,9628.67,0.00,0.00,0,1.00,1.00,0,99999999,9227,2025-05-09 20:43:15.513003+00,58,566,94
343,9661.71,0.00,0.00,0,1.00,1.00,0,99999999,9390,2025-04-25 03:07:02.763929+00,58,572,96
342,11204.70,0.00,0.00,0,1.00,1.00,0,99999999,8873,2025-05-09 20:43:15.525499+00,58,571,95
466,16520.00,0.00,0.00,0,1.00,1.00,0,99999999,1000,2025-03-26 13:54:35.513882+00,78,438,136
468,12822.00,0.00,0.00,0,1.00,1.00,0,99999999,973,2025-05-08 14:08:42.89872+00,77,594,133
408,11303.00,0.00,0.00,0,1.00,1.00,0,99999999,980,2025-07-21 13:55:44.433184+00,65,778,116
469,17973.00,0.00,0.00,0,1.00,1.00,0,99999999,974,2025-05-08 14:08:42.903474+00,77,595,133
415,27300.00,0.00,0.00,0,1.00,1.00,0,99999999,99915,2025-05-09 12:34:10.087108+00,66,771,117
362,5845.00,0.00,0.00,0,1.00,1.00,0,99999999,99682,2025-06-30 15:35:51.9593+00,61,89,104
550,15133.70,0.00,0.00,0,0.00,0.00,0,99999999,99999888,2025-07-28 22:02:28.454217+00,96,873,161
470,21928.00,0.00,0.00,0,1.00,1.00,0,99999999,957,2025-04-28 02:26:41.623284+00,77,596,133
518,0.00,0.00,0.00,0,0.00,0.00,0,1000,948,2025-07-30 15:14:13.166524+00,88,770,149
501,15206.80,0.00,0.00,0,0.00,0.00,0,99999999,923,2025-07-31 19:16:01.122614+00,85,813,144
488,59372.40,0.00,0.00,0,0.00,0.00,0,99999999,1000,2025-05-13 16:17:08.00912+00,82,121,141
489,4486.68,0.00,0.00,0,0.00,0.00,0,99999999,1000,2025-05-13 16:21:01.498709+00,83,188,142
490,4876.32,0.00,0.00,0,0.00,0.00,0,99999999,1000,2025-05-13 16:21:01.503757+00,83,189,142
491,5468.76,0.00,0.00,0,0.00,0.00,0,99999999,1000,2025-05-13 16:21:01.50778+00,83,191,142
492,7382.84,0.00,0.00,0,0.00,0.00,0,99999999,1000,2025-05-13 16:21:01.511537+00,83,192,142
493,9266.38,0.00,0.00,0,0.00,0.00,0,99999999,1000,2025-05-13 16:21:01.515207+00,83,193,142
479,8359.46,0.00,0.00,0,0.00,0.00,0,99999999,99999809,2025-08-01 01:36:15.900683+00,81,131,140
537,26173.00,0.00,0.00,0,0.00,0.00,6,99999999,60,2025-07-22 11:43:06.768238+00,91,84,154
507,0.00,0.00,0.00,0,0.00,0.00,50,10000,950,2025-05-27 20:28:49.233752+00,86,609,145
510,0.00,0.00,0.00,0,0.00,0.00,0,10000,950,2025-05-27 20:28:49.247468+00,86,619,147
480,9329.14,0.00,0.00,0,0.00,0.00,0,99999999,99999639,2025-08-01 01:36:15.908194+00,81,129,140
367,10085.00,0.00,0.00,0,1.00,1.00,0,99999999,9442,2025-06-06 14:40:33.921675+00,61,7,105
485,30616.80,0.00,0.00,0,0.00,0.00,0,99999999,995,2025-07-07 18:07:24.982776+00,82,118,141
366,7284.00,0.00,0.00,0,1.00,1.00,0,99999999,9891,2025-06-06 14:40:33.92858+00,61,1,105
486,42885.30,0.00,0.00,0,0.00,0.00,0,99999999,990,2025-07-07 18:07:24.985897+00,82,119,141
530,20304.00,0.00,0.00,0,0.00,0.00,0,99999999,1000,2025-06-23 14:49:27.392224+00,90,596,152
487,48929.00,0.00,0.00,0,0.00,0.00,0,99999999,990,2025-07-07 18:07:24.98902+00,82,120,141
481,10337.90,0.00,0.00,0,0.00,0.00,0,99999999,99999839,2025-08-01 01:36:15.913363+00,81,132,140
482,12946.00,0.00,0.00,0,0.00,0.00,0,99999999,99999934,2025-08-01 01:36:15.918483+00,81,123,140
532,2092.00,0.00,0.00,0,0.00,0.00,0,99999999,1000,2025-06-23 14:51:08.291622+00,90,429,153
483,15192.70,0.00,0.00,0,0.00,0.00,0,99999999,99999974,2025-08-01 01:36:15.924055+00,81,125,140
534,1987.75,0.00,0.00,0,0.00,0.00,0,99999999,1000,2025-06-23 14:51:08.302733+00,90,430,153
545,6895.20,0.00,0.00,0,0.00,0.00,30,99999999,99999969,2025-08-01 01:57:26.607144+00,95,619,158
496,0.00,0.00,0.00,0,0.00,0.00,0,99999999,995,2025-06-11 21:04:37.010227+00,79,791,138
536,3374.00,0.00,0.00,0,0.00,0.00,0,99999999,1000,2025-06-23 14:51:08.313558+00,90,432,153
539,4188.00,0.00,0.00,0,0.00,0.00,0,99999999,99999999,2025-07-10 14:09:54.032471+00,94,824,157
540,4392.00,0.00,0.00,0,0.00,0.00,0,99999999,99999999,2025-07-10 14:09:54.037564+00,94,822,157
541,5442.00,0.00,0.00,0,0.00,0.00,0,99999999,99999999,2025-07-10 14:09:54.042429+00,94,820,157
542,6587.00,0.00,0.00,0,0.00,0.00,0,99999999,99999999,2025-07-10 14:09:54.046353+00,94,823,157
543,3683.00,0.00,0.00,0,0.00,0.00,0,99999999,99999999,2025-07-10 14:09:54.04989+00,94,821,157
544,7253.00,0.00,0.00,0,0.00,0.00,0,99999999,99999999,2025-07-10 14:09:54.053733+00,94,825,157
499,0.00,0.00,0.00,0,0.00,0.00,0,99999999,983,2025-06-19 14:59:41.633788+00,84,819,143
494,0.00,0.00,0.00,0,0.00,0.00,0,99999999,992,2025-06-19 19:28:28.110711+00,79,793,138
495,0.00,0.00,0.00,0,0.00,0.00,0,99999999,993,2025-06-19 19:28:28.118016+00,79,792,138
497,0.00,0.00,0.00,0,0.00,0.00,0,99999999,991,2025-06-19 19:28:28.122941+00,79,794,138
551,15709.40,0.00,0.00,0,0.00,0.00,0,99999999,99999999,2025-07-15 12:26:02.567293+00,97,881,162
552,9486.98,0.00,0.00,0,0.00,0.00,0,99999999,99999999,2025-07-15 12:26:02.57406+00,97,882,162
498,0.00,0.00,0.00,0,0.00,0.00,0,99999999,992,2025-05-22 22:16:37.254636+00,79,795,138
538,8398.00,0.00,0.00,0,0.00,0.00,15,99999999,1000,2025-06-26 19:18:00.392905+00,92,85,155
520,0.00,0.00,0.00,0,0.00,0.00,0,1000,990,2025-06-19 19:46:03.921068+00,88,771,149
553,10510.80,0.00,0.00,0,0.00,0.00,0,99999999,99999999,2025-07-15 12:26:02.580446+00,97,883,162
509,0.00,0.00,0.00,0,0.00,0.00,0,1000,1000,2025-05-23 15:27:21.950674+00,86,622,146
554,20855.10,0.00,0.00,0,0.00,0.00,0,99999999,99999999,2025-07-15 12:26:02.586052+00,97,889,162
503,15206.80,0.00,0.00,0,0.00,0.00,0,99999999,956,2025-07-23 13:16:20.833742+00,85,817,144
500,14213.20,0.00,0.00,0,0.00,0.00,0,99999999,969,2025-07-23 13:16:20.848228+00,85,812,144
377,6834.93,0.00,0.00,0,1.00,1.00,0,99999999,9868,2025-07-23 21:11:39.300392+00,63,316,108
378,6583.20,0.00,0.00,0,1.00,1.00,0,99999999,9830,2025-07-23 21:11:39.307249+00,63,315,108
379,10099.20,0.00,0.00,0,1.00,1.00,0,99999999,9781,2025-07-23 21:11:39.327764+00,63,344,109
546,8234.00,0.00,0.00,0,0.00,0.00,30,99999999,99999969,2025-08-01 01:57:26.627376+00,95,622,159
547,2709.66,0.00,0.00,0,0.00,0.00,0,99999999,99999949,2025-08-01 01:57:26.642213+00,95,609,160
436,25185.60,0.00,0.00,0,1.00,1.00,0,99999999,882,2025-08-01 03:06:17.574596+00,68,790,119
262,7020.00,0.00,0.00,0,1.00,1.00,0,99999999,9961,2025-07-16 03:30:41.523707+00,47,46,59
521,29042.50,0.00,0.00,0,0.00,0.00,0,99999999,99999988,2025-07-04 18:39:30.884391+00,89,117,150
522,30616.80,0.00,0.00,0,0.00,0.00,0,99999999,99999981,2025-07-04 18:39:30.888639+00,89,118,150
523,42885.30,0.00,0.00,0,0.00,0.00,0,99999999,99999977,2025-07-04 18:39:30.891892+00,89,119,150
524,48929.00,0.00,0.00,0,0.00,0.00,0,99999999,99999975,2025-07-04 18:39:30.8948+00,89,120,150
525,59372.40,0.00,0.00,0,0.00,0.00,0,99999999,99999970,2025-07-04 18:39:30.897956+00,89,121,150
259,6929.00,0.00,0.00,0,1.00,1.00,0,99999999,9985,2025-07-26 15:56:26.216508+00,47,44,59
260,5283.00,0.00,0.00,0,1.00,1.00,0,99999999,9939,2025-07-26 15:56:26.220232+00,47,47,59
517,0.00,0.00,0.00,0,0.00,0.00,0,1000,941,2025-07-30 15:14:13.158218+00,88,773,149
516,0.00,0.00,0.00,0,0.00,0.00,0,1000,966,2025-07-30 15:14:13.163083+00,88,774,149
519,0.00,0.00,0.00,0,0.00,0.00,0,1000,939,2025-07-30 15:14:13.169915+00,88,772,149
505,22076.90,0.00,0.00,0,0.00,0.00,0,99999999,925,2025-07-31 19:16:01.129187+00,85,816,144
555,0.00,0.00,0.00,0,0.00,0.00,0,99999999,99999999,2025-07-18 19:20:00.741379+00,98,819,163
506,26304.70,0.00,0.00,0,0.00,0.00,0,99999999,933,2025-07-31 19:16:01.134711+00,85,818,144
504,16836.40,0.00,0.00,0,0.00,0.00,0,99999999,928,2025-07-23 13:16:20.837733+00,85,815,144
380,4903.34,0.00,0.00,0,1.00,1.00,0,99999999,9903,2025-07-23 21:11:39.346394+00,63,313,110
